,Player,Mat,Inns,Ov,Runs,Wkts,Avg,Econ,SR,4w,5w,year,Seasons,Landmarks
426,Yuzvendra Chahal,144,143,523.5,4022,187,22.488999999999997,7.68,17.802,6,1,2023,10,8
300,Rashid Khan,109,109,432.5,2885,139,20.805714285714284,6.644285714285715,18.93285714285714,2,0,2023,7,2
